accuracy,mean_test_loss
0.5833333134651184,1.2811594381928444